Category,Part #,Description,"Vendor 
Item #",Vendor,Location,UOM,Quantity,Notes
Roll Stock,PDS-0001,FORMING 3 MB 110M / 422 4.28 Mil,NS3Q44-0422-3F,WINPAK,,,,
Roll Stock,PDS-0002,FORMING 3 MB 175M / 422 7 Mil,NS3Q47-0422-3F,WINPAK,,,,
Roll Stock,PDS-0003,FORMING 3 MB 225M / 422 H 9 Mil,NS3Q49-0422-3F,WINPAK,,,,
Roll Stock,PDS-0004,REFORM 150EV/542 ,NO3UE6-1562902,WINPAK,,,,
Roll Stock,PDS-0005,REFORM 275EV/542 ,,WINPAK,,,,
Roll Stock,PDS-0007,CLEAR TOP FILM 3 ESEVE 1250 L35 / 415,NS3K39-0415-3,WINPAK,,,,
Roll Stock,PDS-0008,BLACK ESEVE 1275 Z12BK / 415,N03W72-1562901,WINPAK,,,,
Roll Stock,PDS-0010,500g TWIN FARMER RELAM 2575 EVZ22/415,3926262,WINPAK,,,,
Roll Stock,PDS-0011,500g TWIN FARMER RELAM 2575 EVZ22/415,3926262,WINPAK,,,,
Roll Stock,PDS-0013,500g MINI FARMER RELAM 2575 EVZ22/415,3926258,WINPAK,,,,
Roll Stock,PDS-0014,500g HG MINI FARMER ESEVE 1275 Z17 / 415,N04W22-156292M,WINPAK,,,,
Roll Stock,PDS-0016,500g SLICES FARMER RELAM 2575 EVZ22/415,3926265,WINPAK,,,,
Roll Stock,PDS-0017,500g SLICES FARMER RELAM 2575 EVZ22/415,3926265,WINPAK,,,,
Roll Stock,PDS-0018,500g MILD ITALIAN FARMER  1275/Z17/415,N04W22/156292C,WINPAK,,,,
Roll Stock,PDS-0019,NN FARMER 1KG,N04W22/156292F,WINPAK,,,,
Roll Stock,PDS-0021,450g BREAKFAST SAUSAGE RELAM 2575 EVZ22/415,3928309,WINPAK,,,,
Roll Stock,PDS-0129,RELAM 2575 EVZ22/535 6MIL FORMING (RTE SIDE),NO3FK5-1562902,WINPAK,,,,
Roll Stock,PDS-0130,ASIAN-STYLE SMOKIES - TOP FILM,101275790,SEALED AIR,,ROLL,,
Roll Stock,PDS-0131,"SEALED AIR 6 MIL FORMING, 542mmx457mm",101197028,SEALED AIR,,ROLL,,
Printed Bags,PDS-0024,DIAMOND DOG LIL LEAGUE (w. Vinegar),GSB3386P,WINPAK,,,,
Plain Bags,PDS-0026,SHRINK- 12X22 RBS L CLEAR BAG,GSBB92-S00063,WINPAK,,,,
Plain Bags,PDS-0027,SHRINK 14X26   ,GSBB92-S00142,WINPAK,,,,
Plain Bags,PDS-0028,SHRINK- 190 x 280 SSS L CLEAR BAG     (7.5x11),GSBB92-S00349,WINPAK,,,,
Plain Bags,PDS-0029,SHRINK- 215 X 550 SBS L CLEAR BAG (8.5X22),GSBB80-S00057,WINPAK,,,,
Plain Bags,PDS-0031,SHRINK- 7.5X14 SSS L CLEAR BAG (family),GSBB92-S00387,WINPAK,,,,
Plain Bags,PDS-0032,SHRINK-125 x 375 - SSS L CLEAR BAG (5x15),GSBB92-S00044,WINPAK,,,,
Plain Bags,PDS-0033,SHRINK-HIGH ABUSE 13x19,GSBHA1-S00078,WINPAK,,,,
Plain Bags,PDS-0034,7X11 COARSE RM RBS OLD FASH. ,GSPRM2-31167101,WINPAK,,,,
Labels,PDS-0037,BEST BEFORE STICKERS ,165935694/400001665,Lowry,,,,
Labels,PDS-0038,PRODUCTION DATE LABELS,400001666,LOWRY / GLENWOOD LABEL & BOX,,,,
Labels,PDS-0039,W.M. TAPE 48MMX66M - CLEAR - legend only,400000259,LOWRY,,,,
Labels,PDS-0040,W.M.TAPE 48MMX914M - CLEAR - legend only,400000260,LOWRY,,,,
Labels,PDS-0041,PACKAGING TAPE 48MMX100M-CLEAR,400001714,LOWRY,,,,
Labels,PDS-0042,BEER STICKS,63278004682,LABELS UNLIMITED,,,,
Labels,PDS-0043,BOMBER DOG NEW 1 LABEL,BLB-RC-65BOPP,PAL,,,,
Labels,PDS-0044,CANADIAN BACK BACON (BACK),,PAL / LABELS UNLIMITED,,,,
Labels,PDS-0045,CANADIAN BACK BACON (FRONT),,PAL / LABELS UNLIMITED,,,,
Labels,PDS-0046,COOP 2-BONE FRENCHED RACK,WINME-D-03,JET LABEL,,,,
Labels,PDS-0047,COOP 5-BONE FRENCHED RACK,57559/WINME-D-02,JET LABEL,,,,
Labels,PDS-0048,COOP PORK BELLY,WINME-D-13,JET LABEL,,,,
Labels,PDS-0049,COOP CAPICOLA/SHOULDER,57561/WINME-D-10,JET LABEL (ID Technology),,,,
Labels,PDS-0050,COOP CHORIZO-BACK ,WINME-D-23,JET LABEL(ID Technology),,,,
Labels,PDS-0051,COOP CHORIZO-FRONT ,WINME-D-22,JET LABEL(ID Technology),,,,
Labels,PDS-0052,COOP FARMER SAUSAGE (BACK) - MENNONITE,WINME-D-25/D-08/D-33,JET LABEL,,,,
Labels,PDS-0053,COOP FARMER SAUSAGE (FRONT) - MENNONITE,WINME-D-24/D-07/D-32,JET LABEL,,,,
Labels,PDS-0054,CO-OP MENNONITE ONION & GARLIC (FRONT),WINME-D-26/D-34,ID TECHNOLOGY,,,,
Labels,PDS-0055,CO-OP MENNONITE ONION & GARLIC (BACK),WINME-D-27/D-35,ID TECHNOLOGY,,,,
Labels,PDS-0056,CO-OP HONEY CHIPOTLE PORK (FRONT),WINME-D-29,ID TECHNOLOGY,,,,
Labels,PDS-0057,CO-OP HONEY CHIPOTLE PORK (BACK),WINME-D-31,ID TECHNOLOGY,,,,
Labels,PDS-0058,"PVDC SHRINK BAG 180mm X 300mm (7"" X 12"")",20601700,UNIPAC,,,,
Labels,PDS-0060,COOP RIB-HALF,57562/WINME-D-09,JET LABEL,,,,
Labels,PDS-0061,COOP BONE-IN SHANKLESS HAM,WINME-D-15,JET LABEL,,,,
Labels,PDS-0062,COOP SIDE RIBS,57560/WINME-D-01,JET LABEL,,,,
Labels,PDS-0063,COOP SIRLOIN,WINME-D-14,JET LABEL,,,,
Labels,PDS-0064,COOP TENDERLOIN,57564/WINME-D-12,JET LABEL,,,,
Labels,PDS-0065,COOP MAPLE BLUEBERRY PORK BANGER - FRONT,WINME-D-16,JET LABEL,,,,
Labels,PDS-0066,COOP MAPLE BLUEBERRY PORK BANGER - BACK,WINME-D-20,JET LABEL,,,,
Labels,PDS-0067,COOP CHEDDAR PORK BANGER - FRONT 3.250X6.500,WINME-D-18,JET LABEL,,,,
Labels,PDS-0068,COOP CHEDDAR PORK BANGER - BACK 6.500X8.500,WINME-D-17/ D 30,JET LABEL,,,,
Labels,PDS-0069,COOP ORIGINAL PORK BANGER - FRONT,WINME-D-19,JET LABEL,,,,
Labels,PDS-0070,COOP ORIGINAL PORK BANGER - BACK,WINME-D-21,JET LABEL,,,,
Labels,PDS-0071,DELI PEPPERONI  ,BLB-RC-17BOPP,PAL,,,,
Labels,PDS-0072,DELI SALAMI  ,BLB-RC-17BOPP,PAL,,,,
Labels,PDS-0073,FARMER SAUSAGE THICKER PATTIES,BLB-RC-112CLR,PAL,,,,
Labels,PDS-0074,FARMER SAUSAGE PATTIES W. CHEESE,BLB-RC-112CLR,PAL,,,,
Labels,PDS-0075,FARMER SAUSAGE MINI W. CHEESE,BLB-RC-36CLR,PAL/LABELS UNLIMITED,,,,
Labels,PDS-0076,GAMEDAY HOT DOG (BOMBER HOTDOGS),BLB-RC-65BOPP,PAL,,,,
Labels,PDS-0077,"GAMEDAY HOT DOG Unwind#4, 4.5""x 6""",BLB-RC-126BOPP,PAL,,,,
Labels,PDS-0078,DIAMOND DOG WIENERS,BLB-RC-16CLR,PAL,,,,
Labels,PDS-0079,OLD FASHIONED GARLIC SAUSAGE FINE 4.75X6.5,BLB-RC-52CLR,PAL,,,,
Labels,PDS-0080,HONEY GARLIC FARMER SAUSAGE,BLB-RC-65CLR,PAL,,,,
Labels,PDS-0081,HONEY GARLIC SMOKIE,4116,PAL,,,,
Labels,PDS-0082,HOT & SPICY (FRONT & BACK),,PAL,,,,
Labels,PDS-0083,KING SIZE BACON ENDS,BLB-RC-79CLR,PAL,,,,
Labels,PDS-0084,NO NAME MENNONITE FRONT,WINME-F-01,ID TECHNOLOGY,,,,
Labels,PDS-0085,NO NAME MENNONITE BACK,WINME-F-02,ID TECHNOLOGY,,,,
Labels,PDS-0086,PIONEER FARMER - PURE PORK,BLB-RC-114-M-CLR,PAL,,,,
Labels,PDS-0087,PIONEER MILD ITALIAN LABEL,BLB-RC-114-M-CLR,PAL,,,,
Labels,PDS-0088,PEPPERONI,63278004576,LABELS UNLIMITED,,,,
Labels,PDS-0089,SEASONED GROUND PORK PATTIES BACK,BLB-RC-65CLR,PAL,,,,
Labels,PDS-0090,SEASONED GROUND PORK PATTIES FRONT,BLB-RC-65CLR,PAL,,,,
Labels,PDS-0091,SM TURKEY DRUM (BACK),,PAL,,,,
Labels,PDS-0092,SM TURKEY DRUM (FRONT),,PAL,,,,
Labels,PDS-0093,SMOKED LEG HAM 3/PC,,PAL,,,,
Labels,PDS-0094,SMOKED PORK LOIN,WM003,PAL,,,,
Labels,PDS-0095,SMOKED TURKEY THIGHS (Back barcode),BLB-RC-37BOPP,,,,,
Labels,PDS-0096,SMOKED TURKEY THIGHS (BACK),BLB-RC-37BOPP,PAL,,,,
Labels,PDS-0097,SMOKED TURKEY THIGHS (FRONT),"BLB-RC-37BOPP, UPC#063278000172",PAL/LABELS UNLIMITED,,,,
Labels,PDS-0098,SMOKIES ORIGINAL,4137/ upc#063278041373,PAL/LABELS UNLIMITED,,,,
Labels,PDS-0099,TURKEY DRUM STICK LABEL,,PAL,,,,
Labels,PDS-0100,US SAUSAGE MINI,BLB-RC-103CLR,PAL,,,,
Labels,PDS-0101,US SAUSAGE PATTIES BACK,BLB-RC-65CLR,PAL,,,,
Labels,PDS-0102,US SAUSAGE PATTIES FRONT,BLB-RC-65CLR,PAL,,,,
Labels,PDS-0103,US SAUSAGE TWIN,BLB-RC-104CLR,PAL,,,,
Labels,PDS-0104,VALLEY LEA BACON SLICED NET_KG,BLB-RC-100CLR,PAL,,,,
Labels,PDS-0105,"VALLEY LEA BANGERS, ORIGINAL BACK",BLB-RC-100SG-LAM,PAL,,,,
Labels,PDS-0106,"VALLEY LEA BANGERS, ORIGINAL FRONT",BLB-RC-100SG-LAM,PAL,,,,
Labels,PDS-0107,"VALLEY LEA BANGER, ITALIAN BACK",BLB-RC-100SG-LAM,PAL,,,,
Labels,PDS-0108,"VALLEY LEA BANGER, ITALIAN FRONT",BLB-RC-101SG-LAM,PAL,,,,
Labels,PDS-0109,"VALLEY LEA BANGER, MAPLE BACK",BLB-RC-101SG-LAM,PAL,,,,
Labels,PDS-0110,"VALLEY LEA BANGER, MAPLE FRONT",BLB-RC-101SG-LAM,PAL,,,,
Labels,PDS-0114,VALLEY LEA FARMS BACON 1/4 SLAB,BACON14,PAL,,,,
Labels,PDS-0115,VALLEY LEA FARMS BACON SLICED 1KG,BLB-RC-79CLR,PAL,,,,
Labels,PDS-0116,VALLEY LEA GROUND PORK 1KG,BLB-RC-65CLR,PAL,,,,
Labels,PDS-0117,VALLEY LEA GROUND PORK 500G,BLB-RC-65CLR,PAL,,,,
Labels,PDS-0118,VALLEY LEA INSIDE,BLB-RC-17-M-CLR,PAL,,,,
Labels,PDS-0119,VALLEY LEA OUTSIDE,BLB-RC-17-M-CLR,PAL,,,,
Labels,PDS-0120,VALLEY LEA SIRLOIN TIP,BLB-RC-17-M-CLR,PAL,,,,
Labels,PDS-0121,VALLEY LEA PREMIUM BERKSHIRE,,,,,,
Labels,PDS-0122,VL OLD FASHIONED STYLE HAM 1KG,4152,PAL,,,,
Labels,PDS-0123,VL OLD STYLE HAM - NO WEIGHT,WM002  BLB-RC-77CLR,PAL,,,,
Labels,PDS-0124,"WINKLER OLD FASHIONED STYLE HAM, 1KG",BLB-RC-31CLR,PAL/LABELS UNLIMITED,,,,
Labels,PDS-0126,WM GENERIC SAMPLES LABEL,,PAL,,,,
Labels,PDS-0132,Pepperoni Sticks,,LABELS UNLIMITED,,ROLL,,
Labels,PDS-0133,COOP LOIN CENTRE CUT - CHOPS,57557/WINME-D-04,JET LABEL,,ROLL,,
Labels,PDS-0134,"WINKLER OLD FASHIONED STYLE HAM, NET _KG",UPC#063278041496,WINK CITY SIGNS/LABELS UNLIMITED,,ROLL,,
Box,PDS-0127,"BOXES 1B  19""x10""x13""    | 18 3/4 x 12 5/8  x 9 5/8",C231330,"WESTROCK, MID WEST PKG",,,,
Box,PDS-0128,BOXES 16X10X10 - 495/skid,,MID WEST PACKAGING,,,,
Box,PDS-0135,BOXES 16x10x4.25 - 540/skid BROWN 20/bundle,,"WESTROCK, MID WEST PKG",,SKID,,
Box,PDS-0136,16X10X10 BOX (Trailer),,WESTROCK,,BUNDLE,,
Box,PDS-0137,16x10x4.25 (Trailer),,,,,,
Packaging Boning Shipping Office,PDS-0138,VACUUM POUCHES 18X28 3 MIL VAK 3.0 R,,WINPAK,,CASE,,
Packaging Boning Shipping Office,PKB-0002,VACUUM POUCHES 10X16 4 MIL  ,NS1A04-255410,WINPAK,,,,
Packaging Boning Shipping Office,PKB-0003,VACUUM POUCHES 12x22 4 MIL ,N01RF2-1562901,WINPAK,,,,
Packaging Boning Shipping Office,PKB-0007,VACUUM POUCHES 16X26 3 MIL  ,NS5T73-410660,WINPAK,,,,
Packaging Boning Shipping Office,PKB-0008,VACUUM POUCHES 8.6X17.8 4 MIL,NS5TA4-220455,WINPAK,,,,
Packaging Boning Shipping Office,PKB-0009,VACUUM POUCHES 12x30,NS5T73-305765,WINPAK,,,,
Packaging Boning Shipping Office,PKB-0012,13x21 Bone Bags,B4770TGP,Sealed Air,,,,
Packaging Boning Shipping Office,PKB-0013,13X19 BAGS,B4770TBG,Sealed Air,,,,
Packaging Boning Shipping Office,PKB-0014,16X20 BAGS,B4650TGW,Sealed Air,,,,
Packaging Boning Shipping Office,PKB-0015,16X24 BAGS,B4620TGW,Sealed Air,,,,
"Packaging ShipOff, Cooler, Dock",PKS-0001,PALLET WRAP - Ultra High Performance (Stretch Film  17.7INx1476FT 48G 4/CS 256/Skid),400002129,LOWRY,,,,
"Packaging ShipOff, Cooler, Dock",PKS-0002,PALLET MACHINE WRAP 20INX6000FT,200004610,LOWRY,,,,
"Packaging ShipOff, Cooler, Dock",PKS-0003,PALLETS - 4840 MICROBAN SUPER DUTY-GREY ,M-4840-SD-BLA,PERFECT PALLETS,,,,
"Packaging ShipOff, Cooler, Dock",PKS-0004,TRUCK DOOR SEALS (USED FOR LOBLAW'S),,,,,,
"Packaging ShipOff, Cooler, Dock",PKS-0005,PS6195 PLASTIC STRAPPING 9MM*12900',PS6195,WAREHOUSE SUPPLY,,,,
"Packaging ShipOff, Cooler, Dock",PKS-0006,KREHLON SHRINK BONEGUARD 450X750,20608370,UNIPAC,,,,
"Packaging ShipOff, Cooler, Dock",PKS-0007,KREHLON SHRINK BONEGUARD 350X500,20608115,UNIPAC,,,,
"Packaging ShipOff, Cooler, Dock",PKS-0008,KREHLON SHRINK BONEGUARD 325X500,20608350,UNIPAC,,,,
"Packaging ShipOff, Cooler, Dock",PKS-0009,ZUBEX 6x14 VAC/SHIRNK BAG,NS20,PAL DIST,,,,
"Packaging ShipOff, Cooler, Dock",PKS-0010,PTO 98 x 122 x 3 MIL COMBO BIN LINER,4704 NT,REGENCY PLASTICS,,,,
"Packaging ShipOff, Cooler, Dock",PKS-0011,PTO 26 x 21[SG] x 19 x 2.5 MIL BUCKET COVERS,4570 GB,REGENCY PLASTICS,,,,
"Packaging ShipOff, Cooler, Dock",PKS-0012,POLY SHEET 51 x 1.5 MIL TO COVER RACKS,4815 P,REGENCY PLASTICS,,,,
"Packaging ShipOff, Cooler, Dock",PKS-0013,BLUE BAG 35 x 30 x 3 MIL 1B BAGS,4314 NB,REGENCY PLASTICS,,,,
"Packaging ShipOff, Cooler, Dock",PKS-0014,POLY BAG 10 x 22 x 2 MIL SPICE ROOM BAGS,4160 NC,REGENCY PLASTICS,,,,
"Packaging ShipOff, Cooler, Dock",PKS-0015,COMBO BINS,COMBO BIN,MID WEST PACKAGING,,,,
"Packaging Offiste, Storage Trailer",PKS-0016,COMBO BINS,,MID WEST PACKAGING,,,,
"Packaging ShipOff, Cooler, Dock",PKS-0017,PRINTED PLASTIC STRAPPING,,GERRARD OVAL STRAPPING,,ROLL,,
"Packaging Offiste, Storage Trailer",PKO-0006,POLY SHEET 4815 P (for 5 kg Bacon),PLYSHT4815P,NORSTAR,,,,
"Packaging Offiste, Storage Trailer",PKO-0007,CLEAR 1 mil PLASTIC SHEET 24 X 24,PLYSHT4764M,NORSTAR,,,,
"Packaging Office, ShippingRack Chad",PSR-0001,"LABELS BLANK, 3x1  TH. TRANS. 3"" core",200005136,LOWRY,,,,
"Packaging Office, ShippingRack Chad",PSR-0002,"LABELS BLANK, 3x3  TH. TRANS. 3"" core",,QDATA,,,,
"Packaging Office, ShippingRack Chad",PSR-0003,LABELS 2IN X 3IN 1IN CORE ADH WHITE,500001850,LOWRY,,,,
"Packaging Office, ShippingRack Chad",PSR-0004,"LABELS 2-1/4 X 1-3/8"" CORE WHITE",400002345,LOWRY,,,,
"Packaging Office, ShippingRack Chad",PSR-0005,LABELS 4INx2IN CORE perf'd WHITE,200002649,LOWRY,,,,
"Packaging Office, ShippingRack Chad",PSR-0006,"LABELS BLANK, 3x4  TH. TRANS. 3"" core",200005668,LOWRY,,,,
"Packaging Office, ShippingRack Chad",PSR-0007,"LABELS BLUE, 4 X 4 TH, TRANS 3"" CORE",400002429,LOWRY,,,,
"Packaging Office, ShippingRack Chad",PSR-0008,"LABELS YELLOW 4X4 TH. TRANS 3""CORE",200005408,LOWRY,,,,
"Packaging Office, ShippingRack Chad",PSR-0009,LABELS 4INx6IN w/ Perf Blue,126471428,LOWRY,,,,
"Packaging Office, ShippingRack Chad",PSR-0010,"LABELS BLANK, 6X4 TH. TRANS 3"" CORE",200005137,LOWRY,,,,
"Packaging Office, ShippingRack Chad",PSR-0011,"LABELS 4X3 1"" CORE DIRECT THERMAL",431,QDATA,,,,
"Packaging Office, ShippingRack Chad",PSR-0012,"LABELS 3X5 1"" CORE DIRECT THERMAL",200004898,LOWRY,,,,
"Packaging Office, ShippingRack Chad",PSR-0013,LABELS 5.5X3.25  TH TRANSFER (FLOOR SCALE),,PROTECH LABELS,,,,
"Packaging Office, ShippingRack Chad",PSR-0014,Cast Perform Blue Tint WXL2063B  20INx5000FT - BLUE PALLET WRAP,500001757,LOWRY,,,,
"Packaging Office, ShippingRack Chad",PSR-0015,RIBBON (4.33INx1476ft) - PREMIUM RESIN ENHANCED ZEBRA BLACK,200005772,Lowry,,,,
"Packaging Office, ShippingRack Chad",PSR-0016,LOT PRINTER RIBBON (110MMX600M)  WHITE,,QDATA/VIASCAN,,,,
"Packaging Office, ShippingRack Chad",PSR-0017,BTM CARDBOARD PAD,BTM PAD,MID WEST PACKAGING,,,,
"Packaging Office, ShippingRack Chad",PSR-0018,LOT PRINTER RIBBON (110MMX700M)  BLACK,15-U110KQ5-700,VIDEOJET,,ROLL,,
Ingredients Spice Room,ISR-0001,ALLSPICE,10021400,HELA SPICE,,,,
Ingredients Spice Room,ISR-0002,"ANISE SEED, GROUND",10021403,HELA SPICE,,,,
Ingredients Spice Room,ISR-0003,BAC STOP POWDER,10021379,HELA SPICE,,,,
Ingredients Spice Room,ISR-0004,BACON PICKLE & CURE WITH SUGAR,10053989,HELA SPICE,,,,
Ingredients Spice Room,ISR-0005,BEER STICK SEASONED BINDER,10062513,HELA SPICE,,,,
Ingredients Spice Room,ISR-0006,BERKSHIRE JAPANESE,10061207 / MALJSSU-305-T1,HELA SPICE/MALABAR,,,,
Ingredients Spice Room,ISR-0007,BLACK PEPPER 32 MESH,10021532,HELA SPICE,,,,
Ingredients Spice Room,ISR-0008,BLUEBERRY MAPLE FLAV,10059797,HELA SPICE,,,,
Ingredients Spice Room,ISR-0009,BREAKFAST SAUSAGE SEASONED BINDER,10054807,HELA SPICE,,,,
Ingredients Spice Room,ISR-0010,BRILLIANT RED,10021382,HELA SPICE,,,,
Ingredients Spice Room,ISR-0011,CALIFORNIA HAM SPICE,10020105,HELA SPICE,,,,
Ingredients Spice Room,ISR-0012,"CAYENNE PEPPER, GROUND",10021421,HELA SPICE,,,,
Ingredients Spice Room,ISR-0077,CAYENNE SPECIAL,,,,,,
Ingredients Spice Room,ISR-0013,CELERY SALT,400495,MALABAR,,,,
Ingredients Spice Room,ISR-0014,CHILI JALAPENO-COARSE ,10021624,HELA SPICE,,,,
Ingredients Spice Room,ISR-0015,CHILI JALAPENP-GRANULES ,10050940,HELA SPICE,,,,
Ingredients Spice Room,ISR-0016,CHORIZO FRESH SAUSAGE ,10060710,HELA SPICE,,,,
Ingredients Spice Room,ISR-0017,CLOVES GROUND,411353-35,HELA SPICE,,,,
Ingredients Spice Room,ISR-0018,COMPLETE WIENER UNIT,10021364,HELA SPICE,,,,
Ingredients Spice Room,ISR-0019,CORN SYRUP SOLIDS H.LAUE,10021600,HELA SPICE,,,,
Ingredients Spice Room,ISR-0020,DEHYDRATED PORK PROTEIN,10058087,HELA SPICE,,,,
Ingredients Spice Room,ISR-0021,DEXTROSE,431650,HELA SPICE,,,,
Ingredients Spice Room,ISR-0022,"FENNEL SEED, GROUND",10021458,HELA SPICE,,,,
Ingredients Spice Room,ISR-0023,GARLIC GRANULATED,10021460,HELA SPICE,,,,
Ingredients Spice Room,ISR-0024,GARLIC HAM SAUSAGE SEASONING,10057244,HELA SPICE,,,,
Ingredients Spice Room,ISR-0025,HELA BACSTOP LIQUID VINEGAR,10050067,HELA SPICE,,,,
Ingredients Spice Room,ISR-0026,HELA BRINE & CURE UNIT,10020160,HELA SPICE,,,,
Ingredients Spice Room,ISR-0027,HELA PHOSPHATE I,10021370,HELA SPICE,,,,
Ingredients Spice Room,ISR-0028,HELA PHOSPHATE P,10050065,HELA SPICE,,,,
Ingredients Spice Room,ISR-0029,HELA RAPID CURE,10021617,HELA SPICE,,,,
Ingredients Spice Room,ISR-0030,HIGH BLOOM,1SR11-047,CANADA COMPOUND,,,,
Ingredients Spice Room,ISR-0031,HONEY CHIPOTLE FRESH,10061242,HELA SPICE,,,,
Ingredients Spice Room,ISR-0032,HONEY FLAVOURED GARLIC,10055803,HELA SPICE,,,,
Ingredients Spice Room,ISR-0033,ITALIAN FARMER ,10021358,HELA SPICE,,,,
Ingredients Spice Room,ISR-0034,ITALIAN BANGER SEASONING,10058074,HELA SPICE,,,,
Ingredients Spice Room,ISR-0035,"JIF-PAK RELEASE AGENT, MMIS 18 KG/PL",801010-18,MMIS,,,,
Ingredients Spice Room,ISR-0078,NET RELEASE AGENT,,,,,,
Ingredients Spice Room,ISR-0036,MAPLE BREAKFAST SAUSAGE SEASONING,2-WIN670-029,HELA SPICE,,,,
Ingredients Spice Room,ISR-0037,NUTMEG GROUND,10021489,HELA SPICE,,,,
Ingredients Spice Room,ISR-0038,ONION AQUA RESIN,10021725,HELA SPICE,,,,
Ingredients Spice Room,ISR-0039,ONION GRANULATED,10021491,HELA SPICE,,,,
Ingredients Spice Room,ISR-0040,PAPRIKA 160 ASTA,10021507,HELA SPICE,,,,
Ingredients Spice Room,ISR-0041,PEPPERONI SEASONING,401420 / p2505112,MALABAR / CANADA COMPOUND,,,,
Ingredients Spice Room,ISR-0042,POTATO STARCH MODIFIED,10021650,HELA SPICE,,,,
Ingredients Spice Room,ISR-0043,T-MODIFIED CORN STARCH,10062253,HELA SPICE,,,,
Ingredients Spice Room,ISR-0044,ROSEMARY EXTRACT,10021728,HELA SPICE,,,,
Ingredients Spice Room,ISR-0045,SALT,16168297,UNIVAR,,,,
Ingredients Spice Room,ISR-0046,SALT FLK DNDRTC - MORTON SALT,,Univar,,,,
Ingredients Spice Room,ISR-0047,SODIUM ERYTHORBATE,10021670,HELA SPICE,,,,
Ingredients Spice Room,ISR-0048,SM. SSGE SSNED BINDER & CURE - SMOKED SAUSAGE SEASONED BINDER & CURE,10021361,HELA SPICE,,,,
Ingredients Spice Room,ISR-0049,SPICE UNITS (OWN MIX),,,,,,
Ingredients Spice Room,ISR-0050,YEAST EXTRACT-BEEF FLAVORED,10021714,HELA SPICE,,,,
Ingredients Spice Room,ISR-0051,POLY CLIPS S-740T CLIPS,MCL1219144,"UNIPAC, CANADA COMPOUND",,,,
Ingredients Spice Room,ISR-0052,H-530T CLIPS,,,,,,
Ingredients Spice Room,ISR-0053,CASINGNET 12SQR-0241C,15160800,UNIPAC,,,,
Ingredients Spice Room,ISR-0054,CASINGNET 14SQR-0241C,15161600,UNIPAC,,,,
Ingredients Spice Room,ISR-0055,CASINGNET 20 ELA - 045 MR,15162800,UNIPAC,,,,
Ingredients Spice Room,ISR-0056,CASINGNET 22 SQR-3 STITCH,15172270,UNIPAC,,,,
Ingredients Spice Room,ISR-0057,"Fibrous 75mm x 24"" cling clear",13511201/13512405,UNIPAC,,,,
Ingredients Spice Room,ISR-0058,"Fibrous 88mm x 38"" Clear",13512390,UNIPAC,,,,
Ingredients Spice Room,ISR-0059,NC 12 CUDHAFR NETTING,NC12CUDHAGRZ,MMIS,,,,
Ingredients Spice Room,ISR-0060,30 NO JAX CELLULOSE (SUPER  EZ PEEL),9430302420,DCW,,,,
Ingredients Spice Room,ISR-0061,NIPPI 240,11142000,UNIPAC,,,,
Ingredients Spice Room,ISR-0062,REG. CLEAR 75mmx24,AF75X24,CANADA COMPOUND,,,,
Ingredients Spice Room,ISR-0063,VISCOFAN 22x84  EASY PEEL     (20 - 22),AV22/84/FP/KR,CANADA COMPOUND,,,,
Ingredients Spice Room,ISR-0064,VISCOFAN 28x84  EASY PEEL    ,AV28/84/FP,CANADA COMPOUND,,,,
Ingredients Spice Room,ISR-0065,VISCOFAN 24x95' white stripe,AV24/95/FP/WS,CANADA COMPOUND,,,,
Ingredients Spice Room,ISR-0066,VISCOFAN 42mmx54' EASY PEEL      (38 - 40),AV42/54/FP/CE,CANADA COMPOUND,,,,
Ingredients Spice Room,ISR-0067,2L CONTAINER W/LID,6110063,RICHARDS PACKAGING,,,,
Ingredients Spice Room,ISR-0068,OAK CHIPS,,SMOKINLICIOUS,,,,
Ingredients Spice Room,ISR-0069,0.5L CONTAINER ,813004,RICHARDS PACKAGING,,,,
Ingredients Spice Room,ISR-0070,IsoAge D100 - Dehydrated Vinegar Powder,20404979,Kerry Manufacturing,,KG,,
Ingredients Spice Room,ISR-0071,PEPPERONI SEASONED BINDER (stick),10062516,HELA SPICE,,KG,,
Ingredients Spice Room,ISR-0072,LACTIC ACID,115537,SANI MARC,,L,,
Ingredients Spice Room,ISR-0073,CHINOOK,09-10025,SANI MARC,,BARREL,,
Ingredients Spice Room,ISR-0074,A-HNPHT - Ham Netting (Discontinued),,,,,,
Ingredients Spice Room,ISR-0075,A-PDN22HB - Ham Netting,15142000,,,,,
Ingredients Spice Room,ISR-0076,45/+ HOG CASING,"9199451240, 9199381237",Van Hessen / DCW,,HANKS,,
Ingredients Processing Room Chad,IPC-0001,29/31 casing,1007,Van Hessen,,,,
Ingredients Processing Room Chad,IPC-0002,39/44 HOG CASING - COOP FS,1008,Van Hessen,,,,
Ingredients Processing Room Chad,IPC-0004,Collagen 17mmx65' CASING,A701940904,CANADA COMPOUND,,,,
Ingredients Processing Room Chad,IPC-0005,Beef Rounds,NBM43-16,Canada Compound,,,,
Ingredients Smokehouse Chad,ISH-0001,SAWDUST-HICKORY CHIPS,18145401,UNIPAC,,,,
Ingredients Smokehouse Chad,ISH-0002,SAWDUST-MAPLE CHIPS,,UNIPAC,,,,
Ingredients Smokehouse Chad,ISH-0003,HICKORY FRICTION LOG,,SMOKINLICIOUS,,,,
Ingredients Smokehouse Chad,ISH-0004,SUGAR MAPLE FRICTION LOG,,SMOKINLICIOUS,,,,
Ingredients Smokehouse Chad,ISH-0005,27 CELLULOSE-VISCOFAN 27mm X 95',AV27/95/FP/CE,CANADA COMPOUND,,,,
Ingredients Smokehouse Chad,ISH-0006,HICKORY CHIPS-PLASTIC BAG,MCSAW520P,CANADA COMPOUND,,,,
Ingredients Smokehouse Chad,ISH-0007,Oak Friction Log - MAURER LOGS 80X80X950,R237991,CANADA COMPOUND,,,,
WIP Freezer Chris,WPF-0015,TURKEY DRUMSTICKS,,EVERFRESH sofina,,,,
WIP Freezer Chris,WPF-0020,PORK BONES,C475,,,,,
Container Product,WPF-0022,85 TRIM,,WINKLER MEATS,,,,
Container Product,WPF-0028,PORK FAT,0410/0411,WINKLER MEATS,,,,
Cooler Remake Chris,CRC-0003,BREAKFAST SAUSAGE,1100010R / 10000,WINKLER MEATS,,,,
Cooler Remake Chris,CRC-0005,DIAMOND DOG,2066R,WINKLER MEATS,,,,
Cooler Remake Chris,CRC-0008,Back Bacon Roll,3021R,WINKLER MEATS,,,,
Cooler Remake Chris,CRC-0014,NN FARMER,1027 / 01014,WINKLER MEATS,,,,
Cooler Remake Chris,CRC-0017,PEPPERONI,4020R,WINKLER MEATS,,,,
Cooler Remake Chris,CRC-0022,SALAMI,4030R,WINKLER MEATS,,,,
Cooler Remake Chris,CRC-0028,FARMER SAUSAGE CRUMBLE,2031R,WINKLER MEATS,,,,
Cooler Remake Chris,CRC-0030,OLD FASHIONED GARLIC SAUSAGE,2016R,WINKLER MEATS,,,,
Freezer Random & Seconds & Code Dated Product (Chris),FRC-0008,COOP TENDERLOIN,,WINKLER MEATS,,,,
Freezer Random & Seconds & Code Dated Product (Chris),FRC-0027,Old Fashioned Ham,3093,WINKLER MEATS,,,,
Freezer Random & Seconds & Code Dated Product (Chris),FRC-0035,SMKD Leg Ham,,WINKLER MEATS,,,,
Other Products Freezer Chris,PFC-0017,PORK BONES,0474,,,,,
WIP Carcass Cooler Chad,WIC-0008,85 TRIM,,,,,,
Meat WIP Chad,MPC-0001,#1 TRIM,,,,,,
Meat WIP Chad,MPC-0002,65% TRIM,,,,,,
Meat WIP Chad,MPC-0003,80% BERKSHIRE TRIM,,,,,,
Meat WIP Chad,MPC-0004,85 TRIM,,,,,,
Meat WIP Chad,MPC-0005,ALL BEEF WIENER,,,,,,
Meat WIP Chad,MPC-0006,BACK BACON ROLL,,,,,,
Meat WIP Chad,MPC-0007,BONED OUT HAMS,,,,,,
Meat WIP Chad,MPC-0008,BREAKFAST SAUSAGE,,,,,,
Meat WIP Chad,MPC-0009,BY PRODUCT,,,,,,
Meat WIP Chad,MPC-0010,COOP FARMER SAUSAGE,,,,,,
Meat WIP Chad,MPC-0011,DIAMOND DOG,,,,,,
Meat WIP Chad,MPC-0012,DIAMOND DOG JR.,,,,,,
Meat WIP Chad,MPC-0013,FARMER SAUSAGE CRUMBLE,,,,,,
Meat WIP Chad,MPC-0014,FARMER SAUSAGE MILD ITALIAN,,,,,,
Meat WIP Chad,MPC-0015,FARMER SAUSAGE MINI,,,,,,
Meat WIP Chad,MPC-0016,FARMER SAUSAGE MINI W. CHEESE,,,,,,
Meat WIP Chad,MPC-0017,FARMER SAUSAGE SLICES,,,,,,
Meat WIP Chad,MPC-0018,FARMER SAUSAGE SKINLESS,,,,,,
Meat WIP Chad,MPC-0019,FARMER SAUSAGE PATTIES W. CHEESE,,,,,,
Meat WIP Chad,MPC-0020,HANGING BACON,,,,,,
Meat WIP Chad,MPC-0021,Honey Garlic Farmer,,,,,,
Meat WIP Chad,MPC-0022,HONEY GARLIC SMOKIES,,,,,,
Meat WIP Chad,MPC-0023,HOT & SPICY SMOKIES,,,,,,
Meat WIP Chad,MPC-0024,JOWLS & head meat,,,,,,
Meat WIP Chad,MPC-0025,MARKET BELLIES,,,,,,
Meat WIP Chad,MPC-0026,MARKET LEGS,,,,,,
Meat WIP Chad,MPC-0027,MARKET LOINS,,,,,,
Meat WIP Chad,MPC-0028,MARKET TRIM Jowett farms,,,,,,
Meat WIP Chad,MPC-0029,NO NAME FARMER SAUSAGE ,,,,,,
Meat WIP Chad,MPC-0030,NO NAME MENNONITE SAUSAGE,,,,,,
Meat WIP Chad,MPC-0031,OLD FASHIONED GARLIC SAUSAGE,,,,,,
Meat WIP Chad,MPC-0032,OLD FASHIONED HAM,,,,,,
Meat WIP Chad,MPC-0033,ORIGINAL SMOKIES,,,,,,
Meat WIP Chad,MPC-0034,PEPPERONI ,,,,,,
Meat WIP Chad,MPC-0035,Pioneer Meat Hot & Spicy FS,,WINKLER MEATS,,,,
Meat WIP Chad,MPC-0036,Pioneer Meat Less Salt,,,,,,
Meat WIP Chad,MPC-0037,Pioneer Meat Mild Italian FS,,WINKLER MEATS,,,,
Meat WIP Chad,MPC-0038,Pioneer Meat Pure Pork,,,,,,
Meat WIP Chad,MPC-0039,PORK FAT,,,,,,
Meat WIP Chad,MPC-0040,ASIAN SMOKIE,,,,,,
Meat WIP Chad,MPC-0041,BERKHSIRE SIRLOIN,,,,,,
Meat WIP Chad,MPC-0042,SALAMI,,,,,,
Meat WIP Chad,MPC-0043,Sausage Remake - Various,,,,,,
Meat WIP Chad,MPC-0044,SOW BELLIES,,,,,,
Meat WIP Chad,MPC-0045,SOW LOINS,,,,,,
Meat WIP Chad,MPC-0046,TURKEY DRUMSTICKS,,EVERFRESH/SUNRISE,,,,
Meat WIP Chad,MPC-0047,TURKEY THIGHS,,LONDON FOODS,,,,
Meat WIP Chad,MPC-0048,WILD BOAR/PORK TRIM,,,,,,
Meat WIP Chad,MPC-0049,GAME DAY,,,,,,
Meat WIP Chad,MPC-0050,CO-OP ONION & GARLIC FARMER SAUSAGE,,,,,,
NRTE Cooler,MPC-0051,BERKSHIRE CAPICOLA,,,,,,
NRTE Cooler,MPC-0052,BERKSHIRE TENDERLOIN,,,,,,
NRTE Cooler,MPC-0053,BERKSHIRE FRENCH RACK 5 BONE,,,,,,
NRTE Cooler,MPC-0054,BERKSHIRE SIDE RIBS,,,,,,
NRTE Cooler,MPC-0055,BERKSHIRE BELLY,,,,,,
WIP Smoke & Pkg Cooler,WIS-0001,COOP FARMER SAUSAGE,,,,,,
WIP Smoke & Pkg Cooler,WIS-0002,HONEY GARLIC MINIS,,,,,,
WIP Smoke & Pkg Cooler,WIS-0003,SLICES ,,,,,,
WIP Smoke & Pkg Cooler,WIS-0004,MILD ITALIAN,,,,,,
WIP Smoke & Pkg Cooler,WIS-0005,FARMER SAUSAGE SKINLESS,,,,,,
WIP Smoke & Pkg Cooler,WIS-0006,DIAMOND DOG LIL LEAGUE,,,,,,
WIP Smoke & Pkg Cooler,WIS-0007,DIAMOND DOG JR,,,,,,
WIP Smoke & Pkg Cooler,WIS-0008,DIAMOND DOG ,,,,,,
WIP Smoke & Pkg Cooler,WIS-0009,NN FARMER,,,,,,
WIP Smoke & Pkg Cooler,WIS-0010,HEALTHY CHOICE,,,,,,
WIP Smoke & Pkg Cooler,WIS-0011,CHG,,,,,,
WIP Smoke & Pkg Cooler,WIS-0012,LIVER SAUSAGE,,,,,,
WIP Smoke & Pkg Cooler,WIS-0013,BOLOGNA,,,,,,
WIP Smoke & Pkg Cooler,WIS-0014,SMKD LEG HAM,,,,,,
WIP Smoke & Pkg Cooler,WIS-0015,MB BACKS,,,,,,
WIP Other Locations,WPC-0001,CHG,,TUMBLER,,,,
WIP Other Locations,WPC-0002,OLD FASHIONED HAM,,TUMBLER,,,,
WIP Other Locations,WPC-0003,OPEN NATURE BACON,,TUMBLER,,,,
WIP Other Locations,WPC-0004,BACON,,TUMBLER,,,,
WIP Other Locations,WPC-0005,GC BACON,,TUMBLER,,,,
WIP Other Locations,WPC-0006,WILD BOAR SMOKED SIDE BACON,,TUMBLER,,,,
WIP Other Locations,WPC-0007,PORK SHOULDER - CAPICOLA ,,,,,,
WIP Other Locations,WPC-0008,GROUND BEEF (WINKLER GRINDER),,,,,,
WIP Other Locations,WPC-0009,BEEF TRIM 85%,,LONDON FOODS,,,,
WIP Other Locations,WPC-0010,BEEF TRIM 65%,,LONDON FOODS,,,,
WIP Other Locations,WPC-0011,GROUND BEEF 75/25 ,204129,TO-LE-DO ,,,,
WIP Other Locations,WPC-0012,PORK BONES,,,,,,
WIP Other Locations,WPC-0013,Pork Knuckles,,,,,,
WIP Other Locations,WPC-0014,PORK BONELESS LOIN,,WINKLER MEATS,,,,
WIP Other Locations,WPC-0015,SOW BLADE BUTT,,WINKLER MEATS,,,,
WIP Other Locations,WPC-0016,SOW LEG,,,,,,
WIP Other Locations,WPC-0017,BERKSHIRE TRIM 80%,,,,,,
Market Hog Cuts Chad,MHC-0001,MARKET PORK BELLIES,FROZEN,WINKLER MEATS,,,,
Market Hog Cuts Chad,MHC-0002,MARKET PORK BNLS PICNIC,FROZEN,WINKLER MEATS,,,,
Market Hog Cuts Chad,MHC-0003,MARKET PORK LEGS BONELESS,FRESH,WINKLER MEATS,,,,
Market Hog Cuts Chad,MHC-0004,MARKET BONE IN PORK LOINS,FROZEN,WINKLER MEATS,,,,
Market Hog Cuts Chad,MHC-0005,MARKET BONELESS LOIN,FROZEN,,,,,
Market Hog Cuts Chad,MHC-0006,MARKET PORK TRIM LEAN,FROZEN,,,,,
Market Hog Cuts Chad,MHC-0007,MARKET PORK JOWLS,FROZEN,,,,,
Market Hog Cuts Chad,MHC-0008,MARKET PORK RIBLETS,FROZEN,,,,,
Market Hog Cuts Chad,MHC-0009,MARKET PORK BUTT BONELESS,FROZEN,,,,,
Market Hog Cuts Chad,MHC-0010,MARKET PORK SIDE RIBS,FROZEN,,,,,
Market Hog Cuts Chad,MHC-0011,MARKET SHOULDER,FROZEN,,,,,
Market Hog Cuts Chad,MHC-0012,MARKET LEGS BONE IN,FROZEN,,,,,
Market Hog Cuts Chad,MHC-0013,MARKET BACK RIBS,FROZEN,,,,,
Market Hog Cuts Chad,MHC-0014,MARKET KNUCKLE,FROZEN,,,,,
Market Hog Cuts Chad,MHC-0015,MARKET PORK NECK BONES,FROZEN,,,,,
Market Hog Cuts Chad,MHC-0016,BERKSHIRE 80% TRIM,,,,,,
Market Hog Cuts Chad,MHC-0017,BERKSHIRE # 1 DENUDED ,,,,,,
Market Hog Cuts Chad,MHC-0018,TENDERLOIN,,,,,,
Finished Goods,FGD-0005,BERKSHIRE SIDE RIBS,217,,,,,
Finished Goods,FGD-0007,BERKSHIRE CAPICOLA,221,,,,,
Finished Goods,FGD-0012,BERKSHIRE TRIM 80%,237,,,,,
Finished Goods,FGD-0036,BERKSHIRE SIDE RIBS,1313,,,,,
Finished Goods,FGD-0037,BERKSHIRE CAPICOLA,1315,,,,,
Finished Goods,FGD-0058,HOT & SPICY SMOKIES,2054,,,,,
Finished Goods,FGD-0063,DIAMOND DOG ,2063,,,,,
Finished Goods,FGD-0066,DIAMOND DOG LIL LEAGUE,2067,,,,,
Finished Goods,FGD-0078,BACK BACON ROLL,3021,,,,,
Finished Goods,FGD-0096,KING SIZE BACON ENDS,3063,,,,,
Finished Goods,FGD-0142,BERKSHIRE CAPICOLA,,,,,,
Short Code Cooler,SCC-0030,HOT & SPICY SMOKIES,2054,,,,,
Short Code Cooler,SCC-0035,DIAMOND DOG ,2063,,,,,
Short Code Cooler,SCC-0037,DIAMOND DOG JR,2065,,,,,
Short Code Cooler,SCC-0039,DIAMOND DOG LIL LEAGUE,2067,,,,,
Short Code Cooler,SCC-0061,KING SIZE BACON ENDS,3063,,,,,
Short Code Freezer,SCF-0002,Mild Italian,1050,,,,,
Short Code Freezer,SCF-0003,CHG,2014,,,,,
Short Code Freezer,SCF-0004,LIVER SAUSAGE,2020,,,,,
Dry Storage,DRS-0001,Balaclavas Blue,RON1895B,Macmor,,,,
Dry Storage,DRS-0002,Balaclavas White ,RON1890W,Macmor,,,,
Dry Storage,DRS-0003,Disposable Gloves Black L,,Imperial,,,,
Dry Storage,DRS-0004,Disposable Gloves Black M ,,Imperial,,,,
Dry Storage,DRS-0005,Disposable Gloves Black S,,Imperial,,,,
Dry Storage,DRS-0006,Disposable Gloves Black XL ,,Imperial,,,,
Dry Storage,DRS-0007,Disposable Gloves Black XXL,,Imperial,,,,
Dry Storage,DRS-0008,Disposable Gloves Blue L,,Imperial,,,,
Dry Storage,DRS-0009,Disposable Gloves Blue M ,,Imperial,,,,
Dry Storage,DRS-0010,Disposable Gloves Blue S,,Imperial,,,,
Dry Storage,DRS-0011,Disposable Gloves Blue XL ,,Imperial,,,,
Dry Storage,DRS-0012,Disposable Gloves Blue XXL,,Imperial,,,,
Dry Storage,DRS-0013,Facemasks,,Imperial,,,,
Dry Storage,DRS-0014,Garbage bags 30x38,,Imperial,,,,
Dry Storage,DRS-0015,Garbage bags 35x50 ,,Imperial,,,,
Dry Storage,DRS-0016,Paper Towel - Hard Roll White RB8002 7.88IN x 800FT 6/CS,400000381,Lowry,,,,
Dry Storage,DRS-0017,Plastic Aprons Blue ,RON31-526,Macmor,,,,
Dry Storage,DRS-0018,Plastic Aprons White,31-126,Macmor,,,,
Dry Storage,DRS-0019,Plastic Sleeves Blue,RON33-513,Macmor,,,,
Dry Storage,DRS-0020,Plastic Sleeves White ,RON155W,Macmor,,,,
Dry Storage,DRS-0023,Toilet Paper - 2-Ply White TM6130S 3.96IN x 3.75IN 500 SHEETS/RL 48/CS,200001127,Imperial/Lowry,,,,
Dry Storage,DRS-0021,Soaker Pads,H4730158,BUNZL,,BNDL,,
Dry Storage,DRS-0022,"Hush™ 13 Series Single Use Earplugs, NRR 32",50-13C,Macmor,,,,
Dry Storage,DRS-0024,Bekina - Rubber Boots size 5,ALLX290GB/5,Macmor,,,,
Dry Storage,DRS-0025,Bekina - Rubber Boots size 6 ,ALLX290GB/6,Macmor,,,,
Dry Storage,DRS-0026,Bekina - Rubber Boots size 7,ALLX290GB/7,Macmor,,,,
Dry Storage,DRS-0027,Bekina - Rubber Boots Size 8,ALLX290GB/8,Macmor,,,,
Dry Storage,DRS-0028,Bekina - Rubber Boots Size 9,ALLX290GB/9,Macmor,,,,
Dry Storage,DRS-0029,Bekina - Rubber Boots Size 10,ALLX290GB/10,Macmor,,,,
Dry Storage,DRS-0030,Bekina - Rubber Boots Size 11,ALLX290GB/11,Macmor,,,,
Dry Storage,DRS-0031,Bekina - Rubber Boots Size 12,ALLX290GB/12,Macmor,,,,
Dry Storage,DRS-0032,Bekina - Rubber Boots Size 13,ALLX290GB/13,Macmor,,,,
Dry Storage,DRS-0033,Bekina - Rubber Boots Size 14,ALLX290GB/14,Macmor,,,,
Dry Storage,DRS-0034,Ear Muff Helmet,,Macmor,,,,
Dry Storage,DRS-0035,Ear Muff Neck,MMMH7B,Macmor,,,,
Dry Storage,DRS-0036,Meat Hooks,,Macmor,,,,
Dry Storage,DRS-0037,Smooth Steels,,Macmor,,,,
Dry Storage,DRS-0038,Rough Steels,,Macmor,,,,
Dry Storage,DRS-0039,Hard Hat - Green,DSIHP241R/04,Macmor,,,,
Dry Storage,DRS-0040,Hard Hat - Blue,,Macmor,,,,
Dry Storage,DRS-0041,Hard Hat - White,DSIHP241R/01,Macmor,,,,
Dry Storage,DRS-0042,"Jacket, Viking Journeyman Industrial Oil Resistant - Yellow (S)",ALL5110J/S,Macmor,,,,
Dry Storage,DRS-0043,"Jacket, Viking Journeyman Industrial Oil Resistant - Yellow (M)",ALL5110J/M,Macmor,,,,
Dry Storage,DRS-0044,"Jacket, Viking Journeyman Industrial Oil Resistant - Yellow (L)",ALL5110J/L,Macmor,,,,
Dry Storage,DRS-0045,"Jacket, Viking Journeyman Industrial Oil Resistant - Yellow (XL)",ALL5110J/XL,Macmor,,,,
Dry Storage,DRS-0046,"Jacket, Viking Journeyman Industrial Oil Resistant - Yellow (XXXL)",ALL5110J/XXXL,Macmor,,,,
Dry Storage,DRS-0047,"Bib Pant, Viking Journeyman Industrial Oil Resistant Reversible - Yellow (S)",ALL5110P/S,Macmor,,,,
Dry Storage,DRS-0048,"Bib Pant, Viking Journeyman Industrial Oil Resistant Reversible - Yellow (M)",ALL5110P/M,Macmor,,,,
Dry Storage,DRS-0049,"Bib Pant, Viking Journeyman Industrial Oil Resistant Reversible - Yellow (L)",ALL5110P/L,Macmor,,,,
Dry Storage,DRS-0050,"Bib Pant, Viking Journeyman Industrial Oil Resistant Reversible - Yellow (XL)",ALL5110P/XL,Macmor,,,,
Dry Storage,DRS-0051,"Bib Pant, Viking Journeyman Industrial Oil Resistant Reversible - Yellow (XXXL)",ALL5110P/XXXL,Macmor,,,,
Dry Storage,DRS-0052,Ansell Yu-48 (56-600) 35 INX48 IN Yellow Urethane Apron,ANSYU-48,Macmor,,,,
Dry Storage,DRS-0053,White Plastic Chain (130 Ft/Pail),BEN54000,Macmor,,,,
Dry Storage,DRS-0054,Sticking Knife,82357210,Jarvis,,,,
Dry Storage,DRS-0055,Boning Knife,1051315,MMIS,,,,
Dry Storage,DRS-0056,Mesh Gloves - 8cm Band,,Jarvis,,,,
Dry Storage,DRS-0057,Plastic Arm Guards,,,,,,
Dry Storage,DRS-0058,3-knife Scabbard - Blue,,Jarvis,,,,
Dry Storage,DRS-0059,Hard Hat - Neon Green,,Macmor,,,,
Dry Storage,DRS-0060,Hard Hat - Orange,,Macmor,,,,
Dry Storage,DRS-0061,Fixi Clamp,,Uline,,,,
Dry Storage,DRS-0062,"Saw Blades - 108""",,Kasco,,,,
Dry Storage,DRS-0063,Saw Blades - 24,,,,,,
Dry Storage,DRS-0064,Uline Squeeze Bottles,,Uline,,,,
Dry Storage,DRS-0065,Brush Short Handle - Blue,,Uline,,,,
Dry Storage,DRS-0066,Brush Long Handle - Blue,,Uline,,,,
Dry Storage,DRS-0067,Brush Short Handle - Yellow,,Uline,,,,
Dry Storage,DRS-0068,Brush Long Handle - Yellow,,Uline,,,,
Chemical Room,CHR-0001,"Avalanche, 205L",0910011 45,Sanimarc,,,,
Chemical Room,CHR-0002,"Power Quat, 205L",0910073 45,Sanimarc,,,,
Chemical Room,CHR-0003,"Blizzard, 205L",0510005 45,Sanimarc,,,,
Chemical Room,CHR-0004,"Maximum, 205L",8910080 45,Sanimarc,,,,
Chemical Room,CHR-0005,"Chloragel, 1000L",0510015 55,Sanimarc,,,,
Chemical Room,CHR-0006,"Sanilube, 205L",2010375 45,Sanimarc,,,,
Chemical Room,CHR-0007,"Carbo Blast, 214KG (205L Drum)",0910137 45,Sanimarc,,,,
Chemical Room,CHR-0008,"Phosfoam, 20L",8910025 20,Sanimarc,,,,
Chemical Room,CHR-0009,"Power Foam, 205L",0510345 45,Sanimarc,,,,
Chemical Room,CHR-0010,"Chloreco, 20L",8910015 20,Sanimarc,,,,
Chemical Room,CHR-0011,"Hurricane, 20L",0510080 20,Sanimarc,,,,
Chemical Room,CHR-0012,"Alco H+S, 4L",0910006 04,Sanimarc,,,,
Chemical Room,CHR-0013,"Soil Off, 4L",,Ecolab,,,,
Chemical Room,CHR-0014,"Sani Ring, 200G, 12/Case",0910120 02,Sanimarc,,,,
Chemical Room,CHR-0015,"Alco Spray, 1L, 12/Case",0910005 11,Sanimarc,,,,
Chemical Room,CHR-0016,"D-4055, 4L",0910030 04,Sanimarc,,,,
Chemical Room,CHR-0017,"Iodor, 4L",0910075 04,Sanimarc,,,,
Chemical Room,CHR-0018,"Activ, 4L",1310001 04,Sanimarc,,,,
Chemical Room,CHR-0019,"Alco Wipes, 850ML, 150 Wipes",0910013 85,Sanimarc,,,,
Chemical Room,CHR-0020,"Time Mist, 187G, 12/Case",9033-2960T6CA,Sanimarc,,,,
Chemical Room,CHR-0021,"Purell Cartridges, 1200ML, 2/Case",905051-02,Sanimarc,,,,
Chemical Room,CHR-0022,"Solvent, 950ML, 6/Pack",,Sanimarc,,,,
Chemical Room,CHR-0023,"TFF Gel, 4L",0510100 04,Sanimarc,,,,
Chemical Room,CHR-0024,85A - Brown Scrubbies,,Imperial Soap,,,,
Chemical Room,CHR-0025,86B - Green Scrubbies ,,Imperial Soap,,,,
Chemical Room,CHR-0026,"Bio Detect, 946ML",,,,,,
Chemical Room,CHR-0027,"Chinook, 205L",,,,,,
Chemical Room,CHR-0028,"Chinook Concentrated, 20L",,,,,,
Chemical Room,CHR-0029,"Lactic Acid, 20L",,,,,,
Chemical Room,CHR-0030,"Lactic Acid, 205L",,,,,,
Chemical Room,CHR-0031,"Lactic Acid, 1000L",,,,,,
Chemical Room,CHR-0032,"Nalco 8131 Plus (Ferralyte), 1470KG",,,,,,
Chemical Room,CHR-0033,Nalco CGR602,,,,,,
Chemical Room,CHR-0034,"Purity FG WO White Mineral Oil 15, 20L",,,,,,
Chemical Room,CHR-0035,"Remco 5524 - Blue Scrubbies, 10/CASE",,,,,,
Chemical Room,CHR-0036,"Time Mist, Dispenser, 1/BOX",,,,,,
Chemical Room,CHR-0037,"Vert2Go Beam, 1L",,,,,,
Chemical Room,CHR-0038,"White Mineral Oil, Squeeze Bottle",,,,,,
Chemical Room,CHR-0039,"90-209D, Stainless Steel Degreaser, Aersol, 411G",,,,,,
Chemical Room,CHR-0040,"X-Pure, Liquid Hand Sanitizer, 4L",,,,,,
